Algorithms,meanWinnerRank,rateTrueWinners,rateWinner<NULL,val_Mean²Err
crowd-Median,1.1306666666666667,0.8786666666666667,0.0,18087.345703125
crowd-Mean,1.1306666666666667,0.8786666666666667,0.0,18155.00390625
"MyVoteSys <α=0.50, β=0.33, γ=____, MinEntropy>",1.3653333333333333,0.74,0.0,
MaxVarianceWeightedSumWins<α=0>,1.4266666666666667,0.7146666666666667,0.0,
MaxVarianceWeightedSumWins<α=0.5>,1.4426666666666668,0.704,0.0,
bestVoter (Dictatorship),5.08,0.20666666666666667,0.112,14271.5625
MinEntropyWeightedSumWins<α=0>,6.282666666666667,0.128,0.19466666666666665,
MinEntropyWeightedSumWins<α=0.5>,6.282666666666667,0.128,0.19466666666666665,
